scope,capacity_fraction,reviewed,known_illicit,known_licit,unknown,precision_at_k_known,recall_at_k_known,precision_lower_bound_all,precision_upper_bound_all,experiment_id,split
labeled_only,0.01,96,10,86,0,0.10416666666666667,0.009633911368015413,0.10416666666666667,0.10416666666666667,named_logistic_tx,validation
labeled_only,0.02,185,10,175,0,0.05405405405405406,0.009633911368015413,0.05405405405405406,0.05405405405405406,named_logistic_tx,validation
labeled_only,0.05,456,25,431,0,0.05482456140350877,0.024084778420038536,0.05482456140350877,0.05482456140350877,named_logistic_tx,validation
labeled_only,0.1,905,73,832,0,0.08066298342541436,0.07032755298651253,0.08066298342541436,0.08066298342541436,named_logistic_tx,validation
labeled_only,0.2,1804,390,1414,0,0.21618625277161863,0.37572254335260113,0.21618625277161863,0.21618625277161863,named_logistic_tx,validation
all_transactions,0.01,368,11,218,139,0.048034934497816595,0.010597302504816955,0.029891304347826088,0.4076086956521739,named_logistic_tx,validation
all_transactions,0.02,732,16,382,334,0.04020100502512563,0.015414258188824663,0.02185792349726776,0.4781420765027322,named_logistic_tx,validation
all_transactions,0.05,1821,69,818,934,0.0777903043968433,0.06647398843930635,0.03789126853377265,0.5507962657880285,named_logistic_tx,validation
all_transactions,0.1,3637,260,1194,2183,0.17881705639614856,0.2504816955684008,0.07148748968930436,0.6717074511960407,named_logistic_tx,validation
all_transactions,0.2,7269,670,1853,4746,0.26555687673404677,0.6454720616570327,0.09217223827211446,0.7450818544504059,named_logistic_tx,validation
labeled_only,0.01,117,3,114,0,0.02564102564102564,0.0047169811320754715,0.02564102564102564,0.02564102564102564,named_logistic_tx,test
labeled_only,0.02,229,5,224,0,0.021834061135371178,0.007861635220125786,0.021834061135371178,0.021834061135371178,named_logistic_tx,test
labeled_only,0.05,564,13,551,0,0.02304964539007092,0.020440251572327043,0.02304964539007092,0.02304964539007092,named_logistic_tx,test
labeled_only,0.1,1125,69,1056,0,0.06133333333333333,0.10849056603773585,0.06133333333333333,0.06133333333333333,named_logistic_tx,test
labeled_only,0.2,2243,265,1978,0,0.1181453410610789,0.4166666666666667,0.1181453410610789,0.1181453410610789,named_logistic_tx,test
all_transactions,0.01,471,6,315,150,0.018691588785046728,0.009433962264150943,0.012738853503184714,0.33121019108280253,named_logistic_tx,test
all_transactions,0.02,938,14,552,372,0.024734982332155476,0.0220125786163522,0.014925373134328358,0.4115138592750533,named_logistic_tx,test
all_transactions,0.05,2337,38,1107,1192,0.03318777292576419,0.059748427672955975,0.016260162601626018,0.5263157894736842,named_logistic_tx,test
all_transactions,0.1,4670,188,1742,2740,0.09740932642487046,0.29559748427672955,0.04025695931477516,0.6269807280513918,named_logistic_tx,test
all_transactions,0.2,9333,454,3028,5851,0.13038483630097644,0.7138364779874213,0.04864459444980178,0.6755598414229079,named_logistic_tx,test
labeled_only,0.01,96,10,86,0,0.10416666666666667,0.009633911368015413,0.10416666666666667,0.10416666666666667,named_logistic_graph,validation
labeled_only,0.02,185,11,174,0,0.05945945945945946,0.010597302504816955,0.05945945945945946,0.05945945945945946,named_logistic_graph,validation
labeled_only,0.05,456,40,416,0,0.08771929824561403,0.038535645472061654,0.08771929824561403,0.08771929824561403,named_logistic_graph,validation
labeled_only,0.1,905,170,735,0,0.1878453038674033,0.16377649325626203,0.1878453038674033,0.1878453038674033,named_logistic_graph,validation
labeled_only,0.2,1804,488,1316,0,0.270509977827051,0.4701348747591522,0.270509977827051,0.270509977827051,named_logistic_graph,validation
all_transactions,0.01,368,11,218,139,0.048034934497816595,0.010597302504816955,0.029891304347826088,0.4076086956521739,named_logistic_graph,validation
all_transactions,0.02,732,24,367,341,0.061381074168797956,0.023121387283236993,0.03278688524590164,0.49863387978142076,named_logistic_graph,validation
all_transactions,0.05,1821,122,708,991,0.14698795180722893,0.11753371868978806,0.06699615595826469,0.6112026359143328,named_logistic_graph,validation
all_transactions,0.1,3637,368,980,2289,0.27299703264094954,0.35452793834296725,0.10118229309870773,0.7305471542480066,named_logistic_graph,validation
all_transactions,0.2,7269,584,1719,4966,0.2535822839774208,0.5626204238921002,0.0803411748521117,0.7635163021048287,named_logistic_graph,validation
labeled_only,0.01,117,4,113,0,0.03418803418803419,0.006289308176100629,0.03418803418803419,0.03418803418803419,named_logistic_graph,test
labeled_only,0.02,229,5,224,0,0.021834061135371178,0.007861635220125786,0.021834061135371178,0.021834061135371178,named_logistic_graph,test
labeled_only,0.05,564,12,552,0,0.02127659574468085,0.018867924528301886,0.02127659574468085,0.02127659574468085,named_logistic_graph,test
labeled_only,0.1,1125,86,1039,0,0.07644444444444444,0.13522012578616352,0.07644444444444444,0.07644444444444444,named_logistic_graph,test
labeled_only,0.2,2243,318,1925,0,0.14177440927329468,0.5,0.14177440927329468,0.14177440927329468,named_logistic_graph,test
all_transactions,0.01,471,6,289,176,0.020338983050847456,0.009433962264150943,0.012738853503184714,0.386411889596603,named_logistic_graph,test
all_transactions,0.02,938,7,513,418,0.013461538461538462,0.0110062893081761,0.007462686567164179,0.453091684434968,named_logistic_graph,test
all_transactions,0.05,2337,52,953,1332,0.051741293532338306,0.08176100628930817,0.022250748823277707,0.5922122379118528,named_logistic_graph,test
all_transactions,0.1,4670,249,1459,2962,0.14578454332552693,0.3915094339622642,0.053319057815845824,0.6875802997858672,named_logistic_graph,test
all_transactions,0.2,9333,398,2590,6345,0.13319946452476572,0.6257861635220126,0.04264438015643416,0.7224900889317476,named_logistic_graph,test
labeled_only,0.01,96,94,2,0,0.9791666666666666,0.0905587668593449,0.9791666666666666,0.9791666666666666,named_xgboost_tx,validation
labeled_only,0.02,185,176,9,0,0.9513513513513514,0.16955684007707128,0.9513513513513514,0.9513513513513514,named_xgboost_tx,validation
labeled_only,0.05,456,364,92,0,0.7982456140350878,0.35067437379576105,0.7982456140350878,0.7982456140350878,named_xgboost_tx,validation
labeled_only,0.1,905,601,304,0,0.6640883977900552,0.5789980732177264,0.6640883977900552,0.6640883977900552,named_xgboost_tx,validation
labeled_only,0.2,1804,773,1031,0,0.4284922394678492,0.7447013487475915,0.4284922394678492,0.4284922394678492,named_xgboost_tx,validation
all_transactions,0.01,368,149,3,216,0.9802631578947368,0.14354527938342967,0.4048913043478261,0.9918478260869565,named_xgboost_tx,validation
all_transactions,0.02,732,261,25,446,0.9125874125874126,0.2514450867052023,0.35655737704918034,0.9658469945355191,named_xgboost_tx,validation
all_transactions,0.05,1821,490,95,1236,0.8376068376068376,0.4720616570327553,0.26908292147171886,0.9478308621636463,named_xgboost_tx,validation
all_transactions,0.1,3637,654,260,2723,0.7155361050328227,0.630057803468208,0.17981853175694254,0.9285125103106956,named_xgboost_tx,validation
all_transactions,0.2,7269,747,733,5789,0.5047297297297297,0.7196531791907514,0.10276516714816343,0.8991608199202091,named_xgboost_tx,validation
labeled_only,0.01,117,34,83,0,0.2905982905982906,0.05345911949685535,0.2905982905982906,0.2905982905982906,named_xgboost_tx,test
labeled_only,0.02,229,79,150,0,0.34497816593886466,0.12421383647798742,0.34497816593886466,0.34497816593886466,named_xgboost_tx,test
labeled_only,0.05,564,210,354,0,0.3723404255319149,0.330188679245283,0.3723404255319149,0.3723404255319149,named_xgboost_tx,test
labeled_only,0.1,1125,315,810,0,0.28,0.49528301886792453,0.28,0.28,named_xgboost_tx,test
labeled_only,0.2,2243,365,1878,0,0.16272848863129738,0.5738993710691824,0.16272848863129738,0.16272848863129738,named_xgboost_tx,test
all_transactions,0.01,471,56,30,385,0.6511627906976745,0.0880503144654088,0.11889596602972399,0.9363057324840764,named_xgboost_tx,test
all_transactions,0.02,938,132,53,753,0.7135135135135136,0.20754716981132076,0.14072494669509594,0.9434968017057569,named_xgboost_tx,test
all_transactions,0.05,2337,244,158,1935,0.6069651741293532,0.3836477987421384,0.10440735986307231,0.9323919554985024,named_xgboost_tx,test
all_transactions,0.1,4670,316,618,3736,0.33832976445396146,0.4968553459119497,0.06766595289079229,0.8676659528907923,named_xgboost_tx,test
all_transactions,0.2,9333,361,1671,7301,0.17765748031496062,0.5676100628930818,0.038679952855459124,0.8209578913532626,named_xgboost_tx,test
labeled_only,0.01,96,94,2,0,0.9791666666666666,0.0905587668593449,0.9791666666666666,0.9791666666666666,named_xgboost_graph,validation
labeled_only,0.02,185,176,9,0,0.9513513513513514,0.16955684007707128,0.9513513513513514,0.9513513513513514,named_xgboost_graph,validation
labeled_only,0.05,456,366,90,0,0.8026315789473685,0.35260115606936415,0.8026315789473685,0.8026315789473685,named_xgboost_graph,validation
labeled_only,0.1,905,606,299,0,0.6696132596685083,0.5838150289017341,0.6696132596685083,0.6696132596685083,named_xgboost_graph,validation
labeled_only,0.2,1804,790,1014,0,0.4379157427937916,0.7610789980732178,0.4379157427937916,0.4379157427937916,named_xgboost_graph,validation
all_transactions,0.01,368,148,3,217,0.9801324503311258,0.14258188824662812,0.40217391304347827,0.9918478260869565,named_xgboost_graph,validation
all_transactions,0.02,732,270,7,455,0.9747292418772563,0.26011560693641617,0.36885245901639346,0.9904371584699454,named_xgboost_graph,validation
all_transactions,0.05,1821,512,55,1254,0.9029982363315696,0.4932562620423892,0.2811641954969797,0.9697968149368479,named_xgboost_graph,validation
all_transactions,0.1,3637,656,220,2761,0.7488584474885844,0.6319845857418112,0.18036843552378334,0.9395105856475117,named_xgboost_graph,validation
all_transactions,0.2,7269,749,663,5857,0.5304532577903682,0.7215799614643545,0.10304030815793094,0.9087907552620718,named_xgboost_graph,validation
labeled_only,0.01,117,48,69,0,0.41025641025641024,0.07547169811320754,0.41025641025641024,0.41025641025641024,named_xgboost_graph,test
labeled_only,0.02,229,93,136,0,0.40611353711790393,0.14622641509433962,0.40611353711790393,0.40611353711790393,named_xgboost_graph,test
labeled_only,0.05,564,215,349,0,0.38120567375886527,0.3380503144654088,0.38120567375886527,0.38120567375886527,named_xgboost_graph,test
labeled_only,0.1,1125,329,796,0,0.29244444444444445,0.5172955974842768,0.29244444444444445,0.29244444444444445,named_xgboost_graph,test
labeled_only,0.2,2243,394,1849,0,0.17565760142666073,0.6194968553459119,0.17565760142666073,0.17565760142666073,named_xgboost_graph,test
all_transactions,0.01,471,83,18,370,0.8217821782178217,0.13050314465408805,0.1762208067940552,0.9617834394904459,named_xgboost_graph,test
all_transactions,0.02,938,142,52,744,0.7319587628865979,0.22327044025157233,0.1513859275053305,0.9445628997867804,named_xgboost_graph,test
all_transactions,0.05,2337,273,140,1924,0.6610169491525424,0.42924528301886794,0.11681643132220795,0.940094137783483,named_xgboost_graph,test
all_transactions,0.1,4670,324,530,3816,0.3793911007025761,0.5094339622641509,0.06937901498929336,0.8865096359743041,named_xgboost_graph,test
all_transactions,0.2,9333,389,1427,7517,0.21420704845814978,0.6116352201257862,0.04168006000214294,0.8471016822029358,named_xgboost_graph,test
labeled_only,0.01,96,17,79,0,0.17708333333333334,0.016377649325626204,0.17708333333333334,0.17708333333333334,extended_logistic_tx,validation
labeled_only,0.02,185,40,145,0,0.21621621621621623,0.038535645472061654,0.21621621621621623,0.21621621621621623,extended_logistic_tx,validation
labeled_only,0.05,456,131,325,0,0.28728070175438597,0.12620423892100194,0.28728070175438597,0.28728070175438597,extended_logistic_tx,validation
labeled_only,0.1,905,374,531,0,0.41325966850828727,0.3603082851637765,0.41325966850828727,0.41325966850828727,extended_logistic_tx,validation
labeled_only,0.2,1804,793,1011,0,0.43957871396895787,0.7639691714836223,0.43957871396895787,0.43957871396895787,extended_logistic_tx,validation
all_transactions,0.01,368,9,108,251,0.07692307692307693,0.008670520231213872,0.024456521739130436,0.7065217391304348,extended_logistic_tx,validation
all_transactions,0.02,732,10,164,558,0.05747126436781609,0.009633911368015413,0.01366120218579235,0.7759562841530054,extended_logistic_tx,validation
all_transactions,0.05,1821,36,337,1448,0.09651474530831099,0.03468208092485549,0.019769357495881382,0.814936847885777,extended_logistic_tx,validation
all_transactions,0.1,3637,157,510,2970,0.2353823088455772,0.151252408477842,0.043167445697003023,0.8597745394555952,extended_logistic_tx,validation
all_transactions,0.2,7269,704,701,5864,0.501067615658363,0.6782273603082851,0.09684963543816205,0.9035630760764892,extended_logistic_tx,validation
labeled_only,0.01,117,5,112,0,0.042735042735042736,0.007861635220125786,0.042735042735042736,0.042735042735042736,extended_logistic_tx,test
labeled_only,0.02,229,7,222,0,0.03056768558951965,0.0110062893081761,0.03056768558951965,0.03056768558951965,extended_logistic_tx,test
labeled_only,0.05,564,55,509,0,0.0975177304964539,0.08647798742138364,0.0975177304964539,0.0975177304964539,extended_logistic_tx,test
labeled_only,0.1,1125,210,915,0,0.18666666666666668,0.330188679245283,0.18666666666666668,0.18666666666666668,extended_logistic_tx,test
labeled_only,0.2,2243,428,1815,0,0.190815871600535,0.6729559748427673,0.190815871600535,0.190815871600535,extended_logistic_tx,test
all_transactions,0.01,471,5,110,356,0.043478260869565216,0.007861635220125786,0.010615711252653927,0.7664543524416136,extended_logistic_tx,test
all_transactions,0.02,938,6,188,744,0.030927835051546393,0.009433962264150943,0.006396588486140725,0.7995735607675906,extended_logistic_tx,test
all_transactions,0.05,2337,23,369,1945,0.058673469387755105,0.036163522012578615,0.009841677364142062,0.8421052631578947,extended_logistic_tx,test
all_transactions,0.1,4670,173,679,3818,0.20305164319248825,0.2720125786163522,0.037044967880085655,0.8546038543897216,extended_logistic_tx,test
all_transactions,0.2,9333,383,1253,7697,0.2341075794621027,0.6022012578616353,0.041037179899282114,0.8657452051858995,extended_logistic_tx,test
labeled_only,0.01,96,24,72,0,0.25,0.023121387283236993,0.25,0.25,extended_logistic_graph,validation
labeled_only,0.02,185,56,129,0,0.3027027027027027,0.05394990366088632,0.3027027027027027,0.3027027027027027,extended_logistic_graph,validation
labeled_only,0.05,456,170,286,0,0.37280701754385964,0.16377649325626203,0.37280701754385964,0.37280701754385964,extended_logistic_graph,validation
labeled_only,0.1,905,424,481,0,0.4685082872928177,0.40847784200385356,0.4685082872928177,0.4685082872928177,extended_logistic_graph,validation
labeled_only,0.2,1804,781,1023,0,0.4329268292682927,0.7524084778420038,0.4329268292682927,0.4329268292682927,extended_logistic_graph,validation
all_transactions,0.01,368,7,86,275,0.07526881720430108,0.00674373795761079,0.019021739130434784,0.7663043478260869,extended_logistic_graph,validation
all_transactions,0.02,732,12,133,587,0.08275862068965517,0.011560693641618497,0.01639344262295082,0.8183060109289617,extended_logistic_graph,validation
all_transactions,0.05,1821,56,264,1501,0.175,0.05394990366088632,0.030752333882482153,0.8550247116968699,extended_logistic_graph,validation
all_transactions,0.1,3637,251,406,2980,0.3820395738203957,0.2418111753371869,0.06901292273852076,0.888369535331317,extended_logistic_graph,validation
all_transactions,0.2,7269,562,665,6042,0.4580277098614507,0.5414258188824663,0.07731462374466914,0.9085156142523043,extended_logistic_graph,validation
labeled_only,0.01,117,6,111,0,0.05128205128205128,0.009433962264150943,0.05128205128205128,0.05128205128205128,extended_logistic_graph,test
labeled_only,0.02,229,7,222,0,0.03056768558951965,0.0110062893081761,0.03056768558951965,0.03056768558951965,extended_logistic_graph,test
labeled_only,0.05,564,67,497,0,0.11879432624113476,0.10534591194968554,0.11879432624113476,0.11879432624113476,extended_logistic_graph,test
labeled_only,0.1,1125,231,894,0,0.20533333333333334,0.3632075471698113,0.20533333333333334,0.20533333333333334,extended_logistic_graph,test
labeled_only,0.2,2243,427,1816,0,0.1903700401248328,0.6713836477987422,0.1903700401248328,0.1903700401248328,extended_logistic_graph,test
all_transactions,0.01,471,4,71,396,0.05333333333333334,0.006289308176100629,0.008492569002123142,0.8492569002123143,extended_logistic_graph,test
all_transactions,0.02,938,7,150,781,0.044585987261146494,0.0110062893081761,0.007462686567164179,0.8400852878464818,extended_logistic_graph,test
all_transactions,0.05,2337,26,300,2011,0.07975460122699386,0.040880503144654086,0.011125374411638854,0.8716302952503209,extended_logistic_graph,test
all_transactions,0.1,4670,166,582,3922,0.22192513368983957,0.2610062893081761,0.035546038543897214,0.8753747323340471,extended_logistic_graph,test
all_transactions,0.2,9333,371,1168,7794,0.2410656270305393,0.5833333333333334,0.03975141969356048,0.874852673309761,extended_logistic_graph,test
labeled_only,0.01,96,95,1,0,0.9895833333333334,0.09152215799614644,0.9895833333333334,0.9895833333333334,extended_xgboost_tx,validation
labeled_only,0.02,185,179,6,0,0.9675675675675676,0.1724470134874759,0.9675675675675676,0.9675675675675676,extended_xgboost_tx,validation
labeled_only,0.05,456,394,62,0,0.8640350877192983,0.37957610789980734,0.8640350877192983,0.8640350877192983,extended_xgboost_tx,validation
labeled_only,0.1,905,652,253,0,0.7204419889502762,0.628131021194605,0.7204419889502762,0.7204419889502762,extended_xgboost_tx,validation
labeled_only,0.2,1804,934,870,0,0.5177383592017738,0.8998073217726397,0.5177383592017738,0.5177383592017738,extended_xgboost_tx,validation
all_transactions,0.01,368,185,1,182,0.9946236559139785,0.17822736030828518,0.5027173913043478,0.9972826086956522,extended_xgboost_tx,validation
all_transactions,0.02,732,330,2,400,0.9939759036144579,0.3179190751445087,0.45081967213114754,0.9972677595628415,extended_xgboost_tx,validation
all_transactions,0.05,1821,674,21,1126,0.9697841726618706,0.649325626204239,0.3701263042284459,0.9884678747940692,extended_xgboost_tx,validation
all_transactions,0.1,3637,911,140,2586,0.8667935299714558,0.8776493256262042,0.2504811657959857,0.9615067363211438,extended_xgboost_tx,validation
all_transactions,0.2,7269,983,427,5859,0.6971631205673758,0.9470134874759152,0.13523180630072912,0.9412573944146375,extended_xgboost_tx,validation
labeled_only,0.01,117,47,70,0,0.4017094017094017,0.07389937106918239,0.4017094017094017,0.4017094017094017,extended_xgboost_tx,test
labeled_only,0.02,229,94,135,0,0.4104803493449782,0.14779874213836477,0.4104803493449782,0.4104803493449782,extended_xgboost_tx,test
labeled_only,0.05,564,230,334,0,0.4078014184397163,0.36163522012578614,0.4078014184397163,0.4078014184397163,extended_xgboost_tx,test
labeled_only,0.1,1125,382,743,0,0.33955555555555555,0.60062893081761,0.33955555555555555,0.33955555555555555,extended_xgboost_tx,test
labeled_only,0.2,2243,445,1798,0,0.19839500668747215,0.699685534591195,0.19839500668747215,0.19839500668747215,extended_xgboost_tx,test
all_transactions,0.01,471,62,3,406,0.9538461538461539,0.09748427672955975,0.1316348195329087,0.9936305732484076,extended_xgboost_tx,test
all_transactions,0.02,938,164,4,770,0.9761904761904762,0.2578616352201258,0.17484008528784648,0.9957356076759062,extended_xgboost_tx,test
all_transactions,0.05,2337,312,59,1966,0.8409703504043127,0.49056603773584906,0.13350449293966624,0.9747539580658965,extended_xgboost_tx,test
all_transactions,0.1,4670,363,289,4018,0.5567484662576687,0.5707547169811321,0.07773019271948609,0.9381156316916488,extended_xgboost_tx,test
all_transactions,0.2,9333,402,776,8155,0.34125636672325976,0.6320754716981132,0.043072966891674704,0.9168541733633344,extended_xgboost_tx,test
labeled_only,0.01,96,95,1,0,0.9895833333333334,0.09152215799614644,0.9895833333333334,0.9895833333333334,extended_xgboost_graph,validation
labeled_only,0.02,185,179,6,0,0.9675675675675676,0.1724470134874759,0.9675675675675676,0.9675675675675676,extended_xgboost_graph,validation
labeled_only,0.05,456,394,62,0,0.8640350877192983,0.37957610789980734,0.8640350877192983,0.8640350877192983,extended_xgboost_graph,validation
labeled_only,0.1,905,655,250,0,0.7237569060773481,0.6310211946050096,0.7237569060773481,0.7237569060773481,extended_xgboost_graph,validation
labeled_only,0.2,1804,938,866,0,0.5199556541019955,0.9036608863198459,0.5199556541019955,0.5199556541019955,extended_xgboost_graph,validation
all_transactions,0.01,368,189,1,178,0.9947368421052631,0.18208092485549132,0.5135869565217391,0.9972826086956522,extended_xgboost_graph,validation
all_transactions,0.02,732,327,3,402,0.990909090909091,0.315028901734104,0.44672131147540983,0.9959016393442623,extended_xgboost_graph,validation
all_transactions,0.05,1821,673,18,1130,0.9739507959479016,0.6483622350674374,0.36957715540911584,0.9901153212520593,extended_xgboost_graph,validation
all_transactions,0.1,3637,897,125,2615,0.8776908023483366,0.8641618497109826,0.24663183942810007,0.9656310145724498,extended_xgboost_graph,validation
all_transactions,0.2,7269,984,406,5879,0.7079136690647482,0.9479768786127167,0.13536937680561287,0.9441463750171963,extended_xgboost_graph,validation
labeled_only,0.01,117,47,70,0,0.4017094017094017,0.07389937106918239,0.4017094017094017,0.4017094017094017,extended_xgboost_graph,test
labeled_only,0.02,229,94,135,0,0.4104803493449782,0.14779874213836477,0.4104803493449782,0.4104803493449782,extended_xgboost_graph,test
labeled_only,0.05,564,230,334,0,0.4078014184397163,0.36163522012578614,0.4078014184397163,0.4078014184397163,extended_xgboost_graph,test
labeled_only,0.1,1125,390,735,0,0.3466666666666667,0.6132075471698113,0.3466666666666667,0.3466666666666667,extended_xgboost_graph,test
labeled_only,0.2,2243,445,1798,0,0.19839500668747215,0.699685534591195,0.19839500668747215,0.19839500668747215,extended_xgboost_graph,test
all_transactions,0.01,471,82,3,386,0.9647058823529412,0.1289308176100629,0.1740976645435244,0.9936305732484076,extended_xgboost_graph,test
all_transactions,0.02,938,169,5,764,0.9712643678160919,0.26572327044025157,0.18017057569296374,0.9946695095948828,extended_xgboost_graph,test
all_transactions,0.05,2337,313,68,1956,0.821522309711286,0.4921383647798742,0.1339323919554985,0.9709028669234061,extended_xgboost_graph,test
all_transactions,0.1,4670,368,260,4042,0.5859872611464968,0.5786163522012578,0.07880085653104925,0.9443254817987152,extended_xgboost_graph,test
all_transactions,0.2,9333,403,747,8183,0.35043478260869565,0.6336477987421384,0.04318011357548484,0.9199614271938283,extended_xgboost_graph,test
