time_step,class,transactions,mean_btc,mean_fee
1,1,17,1.197050401764706,0.0008537941176470588
1,2,2130,10.972052528344433,0.0002548949191246432
1,3,5733,20.623754751708297,0.00013309020087336245
2,1,18,1.124933815,0.0010307222222222222
2,2,1099,13.954958339788604,0.00022434134191176471
2,3,3427,8.155917836134968,0.00016059821209465382
3,1,11,1.8082255299999999,0.0009127272727272727
3,2,1268,4.1089297817665615,0.0002089749684542587
3,3,5342,79.71247108233621,0.00020276976787719954
4,1,30,0.8535390946666667,0.0009747026666666667
4,2,1410,5.5177097549432625,0.00032614637588652485
4,3,4253,13.345633518917392,0.00015877610261237938
5,1,8,1.63333972125,0.00039740375
5,2,1874,12.485524904354323,0.00022283557097118462
5,3,4921,44.353533857578775,0.000164848060581419
6,1,5,0.18441204,0.00017999600000000003
6,2,480,10.1646754139375,0.0005204469166666667
6,3,3843,128.550566602675,0.00031754446786364817
7,1,102,0.954505982745098,0.0002409350980392157
7,2,1101,10.723128219044117,0.00026743919117647055
7,3,4845,44.29906511373036,0.00020667319685690653
8,1,67,0.42424283895522386,0.0002626865671641791
8,2,1098,5.765214467963303,0.000995402642201835
8,3,3292,18.879099382981064,0.0002915347525962126
9,1,248,0.6817473564112903,0.00029320911290322584
9,2,530,9.308721598279774,0.000321677561436673
9,3,4218,28.86807032495254,0.0001859317204556241
10,1,18,1.8632217738888888,0.0001981372222222222
10,2,954,10.336510438259959,0.00034807145702306076
10,3,5755,34.613988256867074,0.00021764816507384885
11,1,131,0.7838505559541985,0.0001993320610687023
11,2,565,10.831815532128802,0.0003370496958855098
11,3,3600,15.302266097590998,0.00021199018060572383
12,1,16,0.51695004,0.00031821875000000003
12,2,490,66.43861793623967,0.00044048712809917356
12,3,1541,16.79752653651072,0.00026799491877842755
13,1,291,0.47941258024054983,0.0001988850171821306
13,2,518,21.867992363076926,0.0004281045364891519
13,3,3719,4.872230540672405,0.0002422422861753631
14,1,43,0.6135509137209303,0.00020807674418604652
14,2,374,48.51793736817204,0.0005542370967741935
14,3,1605,11.303250584392522,0.0002995888847352025
15,1,147,0.5151192263945578,0.00020879020408163268
15,2,471,17.036315073066955,0.0004819371058315335
15,3,3021,18.54699782402257,0.00038922190507799533
16,1,128,0.30818312359375,0.00019559734375
16,2,402,14.27927393181592,0.0003882839054726368
16,3,2445,43.163179976070694,0.0003593025606247431
17,1,99,0.311233317979798,0.00018815727272727273
17,2,712,19.403960327457867,0.0005621138483146068
17,3,2574,7.956243233715846,0.00031353557767369245
18,1,52,0.3941584830769231,0.0001933153846153846
18,2,337,18.52190598065476,0.0006195365773809524
18,3,1587,76.77232207850095,0.00041845124604680584
19,1,80,0.43110710525,0.000206661125
19,2,665,34.10780891404511,0.0005696665714285715
19,3,2761,9.805388586168055,0.00032117706628033324
20,1,260,0.4168588922307692,0.00021015173076923077
20,2,640,15.864207254395605,0.0005540698273155416
20,3,3391,6.717906577168142,0.00031332745722713865
21,1,100,0.7115250156,0.00043966240000000003
21,2,541,7.445798760851852,0.0007096600740740741
21,3,2896,7.508679189851417,0.00027022430891499656
22,1,158,0.4552230981012659,0.00037987272151898736
22,2,1605,8.960927437882205,0.00043843983082706773
22,3,4131,17.29785855204656,0.0003415942677012609
23,1,53,0.5703776245283019,0.0006707928301886793
23,2,1134,12.558088791702898,0.0005764136503623188
23,3,2978,15.036520867031934,0.00029615911260504204
24,1,137,1.1760863250364963,0.0004603242335766423
24,2,989,17.97956607337056,0.00044575922842639596
24,3,3466,130.99139963706767,0.00041647543088490455
25,1,118,1.732274794322034,0.0008952061016949152
25,2,476,12.715300369159664,0.0007043073109243697
25,3,1720,8.449535892802102,0.0003892652889667251
26,1,96,0.5551544594791666,0.0009954936458333333
26,2,421,16.08915869296912,0.0010388370783847981
26,3,2006,44.02973921351149,0.0005052217232767233
27,1,24,0.35068906208333334,0.0002014725
27,2,182,5.408340601046512,0.0009002962790697675
27,3,883,2.6207491514415437,0.00043384567536889897
28,1,85,0.5819405964705883,0.00018912376470588236
28,2,199,31.52000950045226,0.0009123626130653266
28,3,1369,14.484864558662279,0.0004274234210526316
29,1,329,2.3234583555927055,0.0003595836474164134
29,2,845,40.549772765693945,0.0006846467259786477
29,3,3101,110.48245905956367,0.000629096742081448
30,1,83,0.2634078353012048,0.00031118927710843377
30,2,441,42.37647516570455,0.0009334196136363636
30,3,1959,9.645067601818647,0.00046213328893442623
31,1,106,9.32635848,0.00034955358490566037
31,2,604,14.780927958177083,0.0016154478298611111
31,3,2106,6.494708494715718,0.0005963103057811753
32,1,342,3.7873432475146203,0.0005000476900584795
32,2,981,8.560384104360825,0.0010720530000000001
32,3,3202,32.1665498817557,0.00041651498594189317
33,1,23,0.18114554173913042,0.002870611304347826
33,2,418,13.831629213157894,0.00283143033492823
33,3,2710,18.15892541584041,0.0009364146102696712
34,1,37,0.14123066459459457,0.0033815656756756756
34,2,478,79.16707976861635,0.0014276693501048218
34,3,1971,3.7360004662643083,0.0007724866441207076
35,1,182,0.2949234721978022,0.0005768426923076922
35,2,1159,48.45136193591304,0.0015699466695652173
35,3,4166,37.12372995819933,0.0010120347496389024
36,1,33,0.26173657575757575,0.006766169696969697
36,2,1675,40.35055835380678,0.0027357840563019837
36,3,4685,8.995483798675215,0.0012810107008547008
37,1,40,0.33044729125,0.00268686475
37,2,458,54.13928264788177,0.0030574031773399016
37,3,2808,43.337748152912795,0.00129922808077198
38,1,111,0.17294861342342344,0.0005770101801801801
38,2,645,18.487395397374215,0.00228362606918239
38,3,2135,29.84113973683592,0.001297425745181006
39,1,81,0.10626094691358025,0.0009231275308641975
39,2,1102,63.276622208738324,0.0020663157289719626
39,3,1577,14.79662993669221,0.0011696271839080458
40,1,112,1.2803542161607144,0.002198899285714286
40,2,1099,17.239713329890513,0.004590772591240876
40,3,3270,27.615506983006153,0.0015118784923076924
41,1,116,0.13496440594827586,0.001115913448275862
41,2,1016,40.699016759960436,0.0035571777843719093
41,3,4210,11.923762874090801,0.0012649695555555557
42,1,239,0.3831046930543933,0.0011608566527196655
42,2,1915,16.60279291992118,0.002920914566473988
42,3,4986,17.03090356326711,0.001368147296809151
43,1,24,0.38133875958333335,0.0008331575
43,2,1346,13.424648210590943,0.006709781611665387
43,3,3693,18.783606951687084,0.00387406414532294
44,1,24,1.0380874683333332,0.0019201074999999998
44,2,1567,30.24262161714929,0.0015226586422136424
44,3,3384,17.451341024979254,0.0005725084054534677
45,1,5,0.08435341199999999,0.00056107
45,2,1216,24.880087798918694,0.0020729374601844088
45,3,4377,30.815700559486242,0.0006611799564220183
46,1,2,1.1051985199999999,0.143920835
46,2,710,7.352074725641749,0.004986066375176304
46,3,2807,14.949017625655122,0.001669591235273117
47,1,22,2.5424460736363637,0.0014957772727272728
47,2,824,16.419640013525797,0.004753579312039312
47,3,4275,20.139733848819397,0.0009621545420473178
48,1,36,0.2847001586111111,0.0013368980555555554
48,2,435,31.91192018845977,0.0027525900689655174
48,3,2483,5.673616846488119,0.0005090738864277084
49,1,56,0.24976684107142857,0.0013555982142857141
49,2,420,32.85951304421428,0.0017208252619047618
49,3,1978,5.947109334705883,0.0004778431845841785
